epoch,lr,train_loss,train_acc,test_loss,test_acc,raw_acc,mixed_ratio,epoch_time,best_acc
1,0.020800,2.0141,28.80,1.8485,36.15,36.15,0.000,64.1,36.15
2,0.040600,1.7679,40.50,1.6546,46.14,46.14,0.000,10.5,46.14
3,0.060400,1.5419,51.87,1.5267,53.58,53.58,0.000,10.6,53.58
4,0.080200,1.3801,60.63,1.3766,61.57,61.57,0.000,10.6,61.57
5,0.100000,1.2774,65.46,1.2885,67.67,67.67,0.000,10.6,67.67
6,0.099973,1.1722,70.79,1.2264,67.93,67.93,0.000,10.6,67.93
7,0.099891,1.0824,74.70,1.1182,73.37,73.37,0.000,10.6,73.37
8,0.099754,1.0251,77.38,1.1544,71.42,71.42,0.000,10.7,73.37
9,0.099563,0.9797,79.30,1.0062,78.19,78.19,0.000,11.0,78.19
10,0.099318,0.9488,80.81,1.0443,76.96,76.96,0.000,10.6,78.19
11,0.099019,0.9287,81.33,0.8866,83.38,83.38,0.000,10.6,83.38
12,0.098666,0.9035,82.51,0.9037,83.35,83.35,0.000,10.6,83.38
13,0.098260,0.8868,83.25,0.9589,80.49,80.49,0.000,10.6,83.38
14,0.097802,0.8753,83.79,0.8937,83.03,83.03,0.000,10.6,83.38
15,0.097291,0.8615,84.27,0.8874,83.61,83.61,0.000,10.6,83.61
16,0.096728,0.8498,84.85,0.8528,85.04,85.04,0.000,10.6,85.04
17,0.096114,0.8414,85.28,0.8835,83.22,83.22,0.000,10.6,85.04
18,0.095450,0.8300,85.75,0.8471,84.95,84.95,0.000,10.6,85.04
19,0.094736,0.8227,85.99,0.8754,83.84,83.84,0.000,10.6,85.04
20,0.093974,0.8147,86.40,0.8729,83.74,83.74,0.000,10.6,85.04
21,0.093163,0.8076,86.61,0.8619,84.63,84.63,0.000,10.6,85.04
22,0.092305,0.8016,87.03,0.8240,85.93,85.93,0.000,10.6,85.93
23,0.091400,0.7941,87.27,0.8391,85.35,85.35,0.000,10.6,85.93
24,0.090451,0.7934,87.27,0.8184,86.51,86.51,0.000,10.6,86.51
25,0.089457,0.7846,87.60,0.8450,85.14,85.14,0.000,10.6,86.51
26,0.088420,0.7822,87.82,0.8350,85.99,85.99,0.000,10.7,86.51
27,0.087341,0.7721,88.25,0.8084,86.75,86.75,0.000,10.6,86.75
28,0.086221,0.7735,88.24,0.8841,83.92,83.92,0.000,10.6,86.75
29,0.085062,0.7661,88.37,0.8591,84.73,84.73,0.000,10.6,86.75
30,0.083864,0.7602,88.74,0.8053,86.91,86.91,0.000,10.6,86.91
31,0.082629,0.7562,88.86,0.7876,87.10,87.10,0.000,10.6,87.10
32,0.081359,0.7553,88.91,0.7814,88.17,88.17,0.000,10.6,88.17
33,0.080054,0.7460,89.34,0.7627,88.44,88.44,0.000,10.7,88.44
34,0.078716,0.7441,89.50,0.7927,87.27,87.27,0.000,10.6,88.44
35,0.077347,0.7407,89.53,0.7673,88.51,88.51,0.000,10.4,88.51
36,0.075948,0.7381,89.74,0.7507,89.16,89.16,0.000,10.4,89.16
37,0.074521,0.7326,89.89,0.7720,88.43,88.43,0.000,10.4,89.16
38,0.073067,0.7300,90.03,0.7889,87.51,87.51,0.000,10.4,89.16
39,0.071588,0.7228,90.43,0.7846,87.91,87.91,0.000,10.4,89.16
40,0.070085,0.7205,90.45,0.7535,89.02,89.02,0.000,10.4,89.16
41,0.068560,0.7157,90.76,0.7665,88.55,88.55,0.000,10.4,89.16
42,0.067015,0.7153,90.72,0.7599,89.14,89.14,0.000,10.4,89.16
43,0.065451,0.7099,91.00,0.7445,89.55,89.55,0.000,10.4,89.55
44,0.063870,0.7063,91.26,0.7540,89.18,89.18,0.000,10.4,89.55
45,0.062274,0.7044,91.11,0.7525,89.15,89.15,0.000,10.4,89.55
46,0.060665,0.6973,91.48,0.7241,90.53,90.53,0.000,10.5,90.53
47,0.059044,0.6928,91.69,0.7447,89.86,89.86,0.000,10.4,90.53
48,0.057413,0.6880,91.80,0.7466,89.48,89.48,0.000,10.4,90.53
49,0.055774,0.6849,92.06,0.7557,88.91,88.91,0.000,10.5,90.53
50,0.054129,0.6786,92.22,0.7323,90.13,90.13,0.000,10.4,90.53
51,0.052479,0.6754,92.47,0.7365,89.90,89.90,0.000,10.4,90.53
52,0.050827,0.6720,92.55,0.7100,90.64,90.64,0.000,10.4,90.64
53,0.049173,0.6688,92.66,0.7216,90.24,90.24,0.000,10.4,90.64
54,0.047521,0.6657,92.89,0.7142,90.76,90.76,0.000,10.5,90.76
55,0.045871,0.6596,93.04,0.7178,90.79,90.79,0.000,10.5,90.79
56,0.044226,0.6556,93.32,0.7282,90.37,90.37,0.000,10.5,90.79
57,0.042587,0.6503,93.60,0.6968,91.83,91.83,0.000,10.6,91.83
58,0.040956,0.6489,93.59,0.7232,90.55,90.55,0.000,10.4,91.83
59,0.039335,0.6431,93.87,0.7260,90.47,90.47,0.000,9.3,91.83
60,0.037726,0.6393,93.94,0.7047,91.52,91.52,0.000,9.4,91.83
61,0.036130,0.6309,94.37,0.7266,90.44,90.44,0.000,9.3,91.83
62,0.034549,0.6282,94.46,0.7255,90.42,90.42,0.000,9.5,91.83
63,0.032985,0.6213,94.85,0.6973,91.52,91.52,0.000,10.6,91.83
64,0.031440,0.6182,94.94,0.6889,91.85,91.85,0.000,9.7,91.85
65,0.029915,0.6152,95.03,0.7013,91.29,91.29,0.000,9.3,91.85
66,0.028412,0.6104,95.30,0.6762,92.75,92.75,0.000,9.6,92.75
67,0.026933,0.6037,95.59,0.6949,91.55,91.55,0.000,9.2,92.75
68,0.025479,0.5980,95.91,0.7057,91.50,91.50,0.000,9.1,92.75
69,0.024052,0.5957,95.88,0.6811,92.47,92.47,0.000,9.2,92.75
70,0.022653,0.5908,96.08,0.6665,93.01,93.01,0.000,9.3,93.01
71,0.021284,0.5852,96.37,0.6754,92.54,92.54,0.000,9.8,93.01
72,0.019946,0.5798,96.53,0.6734,92.95,92.95,0.000,10.2,93.01
73,0.018641,0.5762,96.77,0.6657,93.24,93.24,0.000,10.1,93.24
74,0.017371,0.5679,97.17,0.6640,93.37,93.37,0.000,10.1,93.37
75,0.016136,0.5621,97.48,0.6663,93.49,93.49,0.000,10.2,93.49
76,0.014938,0.5608,97.46,0.6724,92.93,92.93,0.000,10.2,93.49
77,0.013779,0.5528,97.79,0.6650,93.39,93.39,0.000,10.3,93.49
78,0.012659,0.5503,97.92,0.6600,93.50,93.50,0.000,10.1,93.50
79,0.011580,0.5459,98.08,0.6638,93.45,93.45,0.000,10.2,93.50
80,0.010543,0.5418,98.23,0.6592,93.61,93.61,0.000,10.1,93.61
81,0.009549,0.5405,98.28,0.6507,94.17,94.17,0.000,10.2,94.17
82,0.008600,0.5321,98.70,0.6531,93.91,93.91,0.000,10.1,94.17
83,0.007695,0.5286,98.79,0.6462,94.40,94.40,0.000,10.2,94.40
84,0.006837,0.5269,98.97,0.6516,94.07,94.07,0.000,10.2,94.40
85,0.006026,0.5240,99.05,0.6437,94.39,94.39,0.000,10.1,94.40
86,0.005264,0.5194,99.27,0.6397,94.71,94.71,0.000,10.2,94.71
87,0.004550,0.5189,99.29,0.6410,94.56,94.56,0.000,10.1,94.71
88,0.003886,0.5174,99.36,0.6380,94.72,94.72,0.000,10.1,94.72
89,0.003272,0.5153,99.43,0.6333,94.82,94.82,0.000,10.2,94.82
90,0.002709,0.5127,99.53,0.6304,94.91,94.91,0.000,10.1,94.91
91,0.002198,0.5130,99.55,0.6296,94.81,94.81,0.000,10.2,94.91
92,0.001740,0.5121,99.58,0.6304,94.90,94.90,0.000,10.1,94.91
93,0.001334,0.5104,99.64,0.6289,95.00,95.00,0.000,10.2,95.00
94,0.000981,0.5099,99.68,0.6286,95.04,95.04,0.000,10.2,95.04
95,0.000682,0.5093,99.69,0.6274,95.03,95.03,0.000,10.2,95.04
96,0.000437,0.5088,99.70,0.6261,95.19,95.19,0.000,10.1,95.19
97,0.000246,0.5099,99.63,0.6259,95.18,95.18,0.000,10.2,95.19
98,0.000109,0.5099,99.66,0.6270,95.07,95.07,0.000,10.2,95.19
99,0.000027,0.5094,99.68,0.6267,95.11,95.11,0.000,10.1,95.19
100,0.000000,0.5089,99.73,0.6260,95.14,95.14,0.000,10.2,95.19
